<?xml version="1.0" encoding="UTF-8"?>
<beans xmlns="http://www.springframework.org/schema/beans"
	xmlns:xsi="http://www.w3.org/2001/XMLSchema-instance" xmlns:context="http://www.springframework.org/schema/context"
	xmlns:p="http://www.springframework.org/schema/p" xmlns:oxm="http://www.springframework.org/schema/oxm"
	xmlns:mvc="http://www.springframework.org/schema/mvc"
	xmlns:ehcache="http://ehcache-spring-annotations.googlecode.com/svn/schema/ehcache-spring"
	xmlns:jee="http://www.springframework.org/schema/jee"
	xsi:schemaLocation="http://www.springframework.org/schema/beans http://www.springframework.org/schema/beans/spring-beans-3.0.xsd
		http://www.springframework.org/schema/context http://www.springframework.org/schema/context/spring-context-3.0.xsd
		http://www.springframework.org/schema/oxm http://www.springframework.org/schema/oxm/spring-oxm-3.0.xsd
		http://www.springframework.org/schema/mvc http://www.springframework.org/schema/mvc/spring-mvc-3.0.xsd
		http://www.springframework.org/schema/jee http://www.springframework.org/schema/jee/spring-jee.xsd
        http://ehcache-spring-annotations.googlecode.com/svn/schema/ehcache-spring http://ehcache-spring-annotations.googlecode.com/svn/schema/ehcache-spring/ehcache-spring-1.1.xsd">





	<import resource="classpath:/appContext-resources-epiadmintool.xml" />


	<!-- Get properties from Tomcat context.xml -->
	<context:property-placeholder />

	<!-- In tomcat we must look up the datasources -->
	<jee:jndi-lookup id="contentExtractDataSource" jndi-name="java:comp/env/jdbc/contentextract" />
	<jee:jndi-lookup id="phase2DataSource" jndi-name="java:comp/env/jdbc/phase2" />
	<!-- 
	<jee:jndi-lookup id="bossDataSource" jndi-name="java:comp/env/jdbc/boss" />
	 -->
	<jee:jndi-lookup id="ocpControlDataSource" jndi-name="java:comp/env/jdbc/ocpcontrol" />
	<!-- 
	<jee:jndi-lookup id="bsfDataSource" jndi-name="java:comp/env/jdbc/bsf" />
	 -->
	<mvc:annotation-driven />

	<bean id="multipartResolver"
		class="org.springframework.web.multipart.commons.CommonsMultipartResolver" />

	<!-- Declare a view resolver -->
	<bean id="viewResolver"
		class="org.springframework.web.servlet.view.InternalResourceViewResolver"
		p:prefix="/" p:suffix=".jsp" />
</beans>
