<?xml version="1.0" encoding="UTF-8"?>
<beans xmlns="http://www.springframework.org/schema/beans"
	xmlns:xsi="http://www.w3.org/2001/XMLSchema-instance" xmlns:context="http://www.springframework.org/schema/context"
	xmlns:tx="http://www.springframework.org/schema/tx" xmlns:jee="http://www.springframework.org/schema/jee"
	xmlns:ehcache="http://ehcache-spring-annotations.googlecode.com/svn/schema/ehcache-spring"
	xsi:schemaLocation="http://www.springframework.org/schema/beans http://www.springframework.org/schema/beans/spring-beans.xsd
   http://www.springframework.org/schema/context http://www.springframework.org/schema/context/spring-context.xsd
   http://www.springframework.org/schema/tx http://www.springframework.org/schema/tx/spring-tx.xsd
   http://www.springframework.org/schema/jee http://www.springframework.org/schema/jee/spring-jee.xsd
      http://ehcache-spring-annotations.googlecode.com/svn/schema/ehcache-spring http://ehcache-spring-annotations.googlecode.com/svn/schema/ehcache-spring/ehcache-spring-1.1.xsd">

    <!-- 
	<import resource="classpath:/appContext-resources-epi.xml" />
	-->

	<bean id="epiadmintoolProperties"
		class="org.springframework.beans.factory.config.PropertyPlaceholderConfigurer">
		<property name="locations">
			<value>file:/common/conf/epiadmintool/env.properties</value>
		</property>
		<property name="ignoreUnresolvablePlaceholders" value="true" />
	</bean>

	<bean id="loginProperties"
		class="org.springframework.beans.factory.config.PropertiesFactoryBean">
		<property name="locations">
			<value>file:/common/conf/epiadmintool/login.properties</value>
		</property>
	</bean>

	<bean id="cybersourceProperties"
		class="org.springframework.beans.factory.config.PropertiesFactoryBean">
		<property name="locations">
			<value>file:/common/conf/epiadmintool/cyber.properties</value>
		</property>
	</bean>

	<context:annotation-config />
	<context:component-scan base-package="com.silkroute.*" />


	<bean id="autoSetup" class="com.silkroute.epiadmintool.spring.AutoSetup"
		lazy-init="false" init-method="init" />

	<!-- <bean id="endecaQueryService" class="com.silkroute.epiadmintool.endeca.service.EndecaQueryService"> 
		<property name="connection"> <bean class="com.endeca.navigation.HttpENEConnection"> 
		<property name="hostname" value="${endeca.host}" /> <property name="port" 
		value="${endeca.port}" /> </bean> </property> </bean> -->
	
	<bean id="ldapSource" class="org.springframework.ldap.core.support.LdapContextSource">
   		<property name="url" value="ldap://msad.entpub.local:3268" />
  		<property name="userDn" value="CN=Bindauth,OU=Service Accounts,OU=Entertainment Administration,DC=entpub,DC=local" />
  		<property name="password" value="2c07}s(j8c" />
	</bean>
	<bean id="ldapTemplate" class="org.springframework.ldap.core.LdapTemplate">
  		<constructor-arg ref="ldapSource" />
	</bean>
	<bean id="ldapAuthenticator" class="com.silkroute.epiadmintool.util.LdapUtil">
  		<constructor-arg ref="ldapTemplate" />
	</bean>


</beans>