<?xml version="1.0" encoding="UTF-8"?>
<beans xmlns="http://www.springframework.org/schema/beans"
	xmlns:xsi="http://www.w3.org/2001/XMLSchema-instance" xmlns:context="http://www.springframework.org/schema/context"
	xmlns:tx="http://www.springframework.org/schema/tx" xmlns:jee="http://www.springframework.org/schema/jee"
	xmlns:ehcache="http://ehcache-spring-annotations.googlecode.com/svn/schema/ehcache-spring"
	xsi:schemaLocation="http://www.springframework.org/schema/beans http://www.springframework.org/schema/beans/spring-beans.xsd
   http://www.springframework.org/schema/context http://www.springframework.org/schema/context/spring-context.xsd
   http://www.springframework.org/schema/tx http://www.springframework.org/schema/tx/spring-tx.xsd
   http://www.springframework.org/schema/jee http://www.springframework.org/schema/jee/spring-jee.xsd
      http://ehcache-spring-annotations.googlecode.com/svn/schema/ehcache-spring http://ehcache-spring-annotations.googlecode.com/svn/schema/ehcache-spring/ehcache-spring-1.1.xsd">


	<context:component-scan base-package="com.silkroute.*" />
	<!-- <context:annotation-config /> <context:component-scan base-package="com.silkroute.*" 
		/> -->


	<ehcache:annotation-driven />
	<ehcache:config cache-manager="cacheManager">
		<ehcache:evict-expired-elements
			interval="60" />
	</ehcache:config>
	<bean id="cacheManager"
		class="org.springframework.cache.ehcache.EhCacheManagerFactoryBean">
		<property name="configLocation" value="classpath:/ehcache.xml" />
	</bean>
	<bean id="cache" class="net.sf.ehcache.Cache" factory-bean="cacheManager"
		factory-method="getCache">
		<constructor-arg value="messagesCache" />
	</bean>


	<bean id="contentExtractionEmf"
		class="org.springframework.orm.jpa.LocalContainerEntityManagerFactoryBean">
		<property name="dataSource" ref="contentExtractDataSource" />
		<property name="packagesToScan" value="com.silkroute.epi.*" />
		<property name="jpaVendorAdapter">
			<bean class="org.springframework.orm.jpa.vendor.HibernateJpaVendorAdapter">
				<property name="showSql" value="${jpa.showSql}" />
				<property name="generateDdl" value="${jpa.generateDdl}" />
				<property name="database" value="${jpa.database}" />
			</bean>
		</property>
	</bean>
	<bean id="contentExtractionTransactionManager" class="org.springframework.orm.jpa.JpaTransactionManager">
		<property name="entityManagerFactory" ref="contentExtractionEmf" />
	</bean>
	<tx:annotation-driven transaction-manager="contentExtractionTransactionManager" />

	<bean id="phase2Emf"
		class="org.springframework.orm.jpa.LocalContainerEntityManagerFactoryBean">
		<property name="dataSource" ref="phase2DataSource" />
		<property name="packagesToScan" value="com.silkroute.epi.*" />
		<property name="jpaVendorAdapter">
			<bean class="org.springframework.orm.jpa.vendor.HibernateJpaVendorAdapter">
				<property name="showSql" value="${jpa.showSql}" />
				<property name="generateDdl" value="${jpa.generateDdl}" />
				<property name="database" value="${jpa.database}" />
			</bean>
		</property>
	</bean>
	<bean id="phase2TransactionManager" class="org.springframework.orm.jpa.JpaTransactionManager">
		<property name="entityManagerFactory" ref="phase2Emf" />
	</bean>
	<tx:annotation-driven transaction-manager="phase2TransactionManager" />

	<bean id="bossEmf"
		class="org.springframework.orm.jpa.LocalContainerEntityManagerFactoryBean">
		<property name="dataSource" ref="bossDataSource" />
		<property name="packagesToScan" value="com.silkroute.epi.*" />
		<property name="jpaVendorAdapter">
			<bean class="org.springframework.orm.jpa.vendor.HibernateJpaVendorAdapter">
				<property name="showSql" value="${jpa.showSql}" />
				<property name="generateDdl" value="${jpa.generateDdl}" />
				<property name="database" value="${jpa.database}" />
			</bean>
		</property>
	</bean>
	<bean id="bossTransactionManager" class="org.springframework.orm.jpa.JpaTransactionManager">
		<property name="entityManagerFactory" ref="bossEmf" />
	</bean>
	<tx:annotation-driven transaction-manager="bossTransactionManager" />
<!-- 	
	<bean id="bsfEmf"
		class="org.springframework.orm.jpa.LocalContainerEntityManagerFactoryBean">
		<property name="dataSource" ref="bsfDataSource" />
		<property name="packagesToScan" value="com.silkroute.epi.*" />
		<property name="jpaVendorAdapter">
			<bean class="org.springframework.orm.jpa.vendor.HibernateJpaVendorAdapter">
				<property name="showSql" value="${jpa.showSql}" />
				<property name="generateDdl" value="${jpa.generateDdl}" />
				<property name="database" value="${jpa.database}" />
			</bean>
		</property>
	</bean>
	<bean id="bsfTransactionManager" class="org.springframework.orm.jpa.JpaTransactionManager">
		<property name="entityManagerFactory" ref="bsfEmf" />
	</bean>
	<tx:annotation-driven transaction-manager="bsfTransactionManager" />
-->	
	<bean id="ocpControlEmf"
		class="org.springframework.orm.jpa.LocalContainerEntityManagerFactoryBean">
		<property name="dataSource" ref="ocpControlDataSource" />
		<property name="packagesToScan" value="com.silkroute.epi.*" />
		<property name="jpaVendorAdapter">
			<bean class="org.springframework.orm.jpa.vendor.HibernateJpaVendorAdapter">
				<property name="showSql" value="${jpa.showSql}" />
				<property name="generateDdl" value="${jpa.generateDdl}" />
				<property name="database" value="${jpa.database}" />
			</bean>
		</property>
	</bean>
	<bean id="ocpControlTransactionManager" class="org.springframework.orm.jpa.JpaTransactionManager">
		<property name="entityManagerFactory" ref="ocpControlEmf" />
	</bean>
	<tx:annotation-driven transaction-manager="ocpControlTransactionManager" />

</beans>